STT,Nhóm chức năng,Mã BE,Use Case,Tên API,Method,Path đầy đủ,Auth,Trạng thái BE,Luồng người dùng & mô tả API,Flutter Repository,Màn hình / Route Flutter,Query params,Request body,Response data,Mã lỗi HTTP,Độ ưu tiên,Ghi chú kỹ thuật (dev)
F1,LUỒNG NGHIỆP VỤ,PASS-ALL,UC-Pass,Pass đồ — luồng end-to-end,—,(nhiều API),Bearer,—,"【Luồng Pass đồ — khớp app hiện tại】
NGƯỜI MUA: Trang chủ → «Pass đồ cũ» (/pass-items, tab Khám phá) → chi tiết tin → «Tôi muốn nhận» (hoặc «Vào chat thương lượng») → /pass-items/:id/chat → thương lượng → CHỜ người bán «Chốt đơn» trong chat → mới hiện «Đặt xe lấy đồ» → màn «Chở đồ về nhà» (/booking/location, pickup = khu vực tin) → «Tiếp tục» (gọi transport-booked) → Combo chuyển trọ → Chọn nhà xe → Bảo hiểm → Thanh toán cọc → Theo dõi đơn.
NGƯỜI BÁN: /pass-items tab «Tin của tôi» → đăng tin (/pass-items/new) → chi tiết tin của mình → «Người quan tâm» / «N khách — mở danh sách chat» → /pass-items/:id/chat (chọn ?buyer=) → thương lượng → «Chốt đơn». «Huỷ chốt» chỉ khi khách CHƯA bấm Tiếp tục đặt xe (buyer_transport_booked = false).",pass_item_repository + booking_flow_cubit,/pass-items/* + /booking/*,,,,,P0,"Đọc pass_item_detail_page, pass_item_chat_page, choose_location_page trước khi nối API."
F2,LUỒNG NGHIỆP VỤ,BOOK-ALL,UC-06–11,Đặt chuyến chuyển trọ — luồng end-to-end,—,(nhiều API),Bearer,—,"【Luồng đặt chuyến — khớp HomeShell + router】
App có 4 tab dưới: Trang chủ | Thanh toán | Hoạt động | Tin nhắn (thông báo/khuyến mãi, KHÔNG phải chat nhà xe).

A) «Đặt chuyến» (Trang chủ): /booking/location → «Tiếp tục» → /booking/packages → «Chọn nhà xe» → /booking/partners → /booking/insurance → /booking/payment → /orders/:id/tracking.
B) Card «Combo chuyển trọ» lớn: vào /booking/packages TRƯỚC (có thể sửa địa điểm) → partners → insurance → payment.
C) «So sánh nhà xe»: /booking/partners thẳng → insurance → payment.
D) «Khuân vác»: /booking/labor → /booking/location → /booking/labor/configure → /booking/payment (không qua combo/nhà xe/bảo hiểm).
E) Sau Pass đồ chốt: /booking/location (Chở đồ về nhà) → packages → … như A.
Lưu ý: hầu hết bước đang dùng mock repository; API trong sheet là mục tiêu khi nối backend.",booking_flow_cubit + customer_orders_repository,/booking/*,,,,,P0,State giữ toàn bộ trong BookingFlowCubit — map field sang POST /orders.
1,Hệ thống,,UC-64,Kiểm tra API sống,GET,/api/health,Public,Đã có,API kiểm tra server còn chạy không. Người dùng thường không thấy bước này — dev có thể gọi lúc mở app để biết backend sống. Xong thì app vẫn tiếp tục bình thường (đăng nhập hoặc vào Trang chủ).,,/ (optional),,,service; timestamp,200,P2,Tùy chọn: ApiClient.healthCheck() — không bắt buộc cho release.
2,Xác thực,BE-001,UC-01,Đăng ký tài khoản,POST,/api/auth/register,Public,Đã có,"Người dùng chưa có tài khoản: vào màn Đăng ký → điền email, mật khẩu, họ tên, số điện thoại → bấm «Đăng ký». App gọi API này để tạo tài khoản khách hàng. Thành công: app lưu đăng nhập (token) → chuyển Trang chủ (hoặc báo «kiểm tra email» nếu bật xác thực email, khi đó phải xác thực xong mới đăng nhập được). Thất bại: email đã dùng → báo lỗi, ở lại màn Đăng ký.",customer_auth_repository.dart → signUp(),/register,,email; password; full_name; phone; role=customer,user; accessToken,400; 422,P0,Map response → Profile model. Không lưu password. Handle message tiếng Việt từ BE.
3,Xác thực,BE-003,UC-02,Đăng nhập email/MK,POST,/api/auth/login,Public,Đã có,"Người dùng đã có tài khoản: màn Đăng nhập → nhập email + mật khẩu → bấm «Đăng nhập». API kiểm tra đúng/sai. Đúng: nhớ đăng nhập → vào Trang chủ. Sai: báo «Email hoặc mật khẩu không đúng», ở lại màn Đăng nhập. Chưa xác thực email (nếu có): báo riêng, không cho vào app.",customer_auth_repository.dart → signIn(),/login,,email; password,user; accessToken,401; 403,P0,Tách lỗi 401 vs 403 cho message rõ.
4,Xác thực,BE-004,UC-02,Đăng nhập Google,POST,/api/auth/google,Public,Đã có,"Cùng màn Đăng nhập: người dùng bấm «Tiếp tục với Google» → chọn tài khoản Google trên điện thoại. App lấy token Google gửi API này. Lần đầu: tạo tài khoản UniMove từ thông tin Google. Lần sau: đăng nhập như email. Thành công → Trang chủ. Hủy chọn Google → không gọi API, vẫn ở màn Đăng nhập.",customer_auth_repository.dart + google_sign_in_service.dart,/login,,id_token,user; accessToken,401; 403,P0,"Chỉ gửi id_token, không gửi access token OAuth khác."
5,Xác thực,BE-003,UC-02,Profile từ JWT,GET,/api/auth/me,Bearer,Đã có,"【App hiện tại】Màn Splash (~4 giây) KHÔNG gọi API — chỉ kiểm tra: đã xem onboarding chưa → đã lưu token trên máy chưa → đi /onboarding (lần đầu) | /home (có token) | /login.
【Khi nối API】Có thể gọi GET /auth/me hoặc /customers/me ngay trên Splash để làm mới profile trước khi vào /home; 401 thì xóa token → /login.",customer_auth_repository.dart → getCurrentUser(),/ (splash),,,Profile,401,P0,"Ưu tiên GET /customers/me cho đủ field (loyalty, total_orders). /auth/me là fallback."
6,Xác thực,BE-007,UC-03,Quên MK — gửi OTP,POST,/api/auth/forgot-password,Public,Đã có,"Người dùng quên mật khẩu: từ Đăng nhập → «Quên mật khẩu» → nhập email → bấm «Gửi». API gửi mã/ link về email. App báo «Đã gửi hướng dẫn» → chuyển sang màn Đặt lại mật khẩu (dù email có tồn tại hay không, để bảo mật).",customer_auth_repository.dart,/forgot-password,,email,message,—,P1,Không báo lỗi “email không tồn tại” trên UI production.
7,Xác thực,BE-007,UC-03,Reset MK bằng OTP,POST,/api/auth/reset-password,Public,Đã có,"Tiếp bước quên MK: người dùng nhập email, mã OTP (trong email), mật khẩu mới → bấm «Xác nhận». API đổi mật khẩu. Thành công → về màn Đăng nhập + báo đổi MK thành công → đăng nhập lại bằng MK mới. OTP sai → báo lỗi tại ô mã.",customer_auth_repository.dart,/reset-password,,email; otp/token; new_password,message,400,P1,Hỗ trợ cả field otp và token theo BE.
8,Xác thực,BE-006,UC-18,Đổi MK đã đăng nhập,POST,/api/auth/change-password,Bearer,Đã có,"Người dùng đã đăng nhập: Cá nhân → «Đổi mật khẩu» → nhập MK cũ, MK mới, nhập lại MK mới → Lưu. API xác nhận MK cũ đúng rồi đổi. Thành công → báo «Đã đổi» → quay lại Cá nhân (vẫn đăng nhập). MK cũ sai → báo lỗi.",customer_auth_repository.dart,/change-password,,old_password; new_password,message,400,P1,Field BE có thể là current_password — map đúng contract nodejs-api.
9,Xác thực,BE-005,UC-02,Đăng xuất,POST,/api/auth/logout,Bearer,Chưa có,"Cá nhân → «Đăng xuất» → xác nhận. App gọi API (nếu có) và xóa đăng nhập trên máy → luôn về màn Đăng nhập, kể cả mất mạng lúc gọi API.",customer_auth_repository.dart → signOut(),/profile,,,message,401,P2,signOut() luôn clear local; POST logout không chặn UX.
10,Hồ sơ,BE-008,UC-18,Xem hồ sơ,GET,/api/customers/me,Bearer,Đã có,"Người dùng vào Cá nhân hoặc Trang chủ (phần avatar/tên): app gọi API lấy họ tên, ảnh, MSSV, trường, số đơn, điểm… Hiển thị lên màn. Sau khi sửa hồ sơ hoặc đăng nhập mới cũng gọi lại để cập nhật.",customer_auth_repository.dart → fetchProfile(),/profile; /home,,,Profile đầy đủ,401,P0,Cache profile trong memory session; refresh khi pull-to-refresh profile.
11,Hồ sơ,BE-009,UC-18,Sửa hồ sơ,PATCH,/api/customers/me,Bearer,Đã có,"Cá nhân → «Chỉnh sửa» → sửa tên, SĐT, MSSV, trường… → «Lưu». API cập nhật. Thành công → báo «Đã lưu» → quay Cá nhân thấy thông tin mới. Email không đổi được trên màn này.",customer_auth_repository.dart → updateProfile(),/profile/edit,,full_name?; phone?; student_id?; university?; date_of_birth?; gender?,Profile,401; 422,P0,Chuẩn hóa phone +84 như repository hiện có.
12,Hồ sơ,BE-010,UC-18,Upload avatar,POST,/api/customers/me/avatar,Bearer,Đã có,Trong Sửa hồ sơ: chạm avatar → chọn ảnh từ máy. API upload ảnh. Thành công → avatar đổi trên form; về Trang chủ / Cá nhân cũng thấy ảnh mới.,customer_auth_repository.dart → uploadAvatar(),/profile/edit; /home,,multipart field avatar,avatar_url,401; 413,P0,Giới hạn 2MB; compress ảnh trước upload nếu cần.
13,Thanh toán/Ví,BE-034,UC-12,Số dư ví,GET,/api/customers/me/wallet,Bearer,Chưa có,Người dùng mở tab «Thanh toán» ở thanh menu dưới: app gọi API lấy số dư ví và điểm tích lũy → hiện ở thẻ đầu tab.,payments_repository.dart → fetchWalletBalance(),Tab Thanh toán,,,balance; currency; loyalty_points,401,P1,Thay mock/fallback đọc loyalty_points từ profile.
14,Đặt chuyến,BE-017,UC-06,Địa điểm gần đây,GET,/api/customers/me/recent-places,Bearer,Chưa có,Màn /booking/location khi mở: BookingFlowCubit.loadPlaces() (hiện mock — chưa gọi API thật). Danh sách «Gần đây» hiện dưới bản đồ; chạm một dòng → điền địa chỉ đến. Người dùng nhập/chọn xong → bấm «Tiếp tục» → sang /booking/packages (chuyển trọ) hoặc /booking/labor/configure (khuân vác).,booking_mock_repository.dart → fetchRecentPlaces(),/booking/location,limit=5,,RecentPlace[],401,P0,Model RecentPlace trong booking_models.dart — map đúng title/subtitle/lat/lng.
15,Thanh toán,BE-036,UC-12,DS PT thanh toán,GET,/api/customers/me/payment-methods,Bearer,Chưa có,"Tab Thanh toán → «Phương thức thanh toán»: app gọi API lấy PayOS/MoMo đã liên kết → hiện danh sách, mục nào là mặc định.",payments_repository.dart,/payments/methods,,,PaymentMethod[],401,P1,Thay mock_payment_methods_data.
16,Thanh toán,BE-036,UC-12,Thêm PT thanh toán,POST,/api/customers/me/payment-methods,Bearer,Chưa có,"Trong Phương thức thanh toán → «Thêm» / liên kết PayOS hoặc MoMo → sau khi liên kết cổng thành công, app gọi API lưu → quay lại danh sách thấy PT mới.",payments_repository.dart,/payments/methods/add,,kind; label; token_ref,PaymentMethod,401,P1,Không gửi số thẻ thật lên BE.
17,Thanh toán,BE-036,UC-12,Đặt PT mặc định,PATCH,/api/customers/me/payment-methods/:id,Bearer,Chưa có,Trên danh sách PT: người dùng chọn «Đặt làm mặc định» → API cập nhật → lần thanh toán sau tự chọn PT đó.,payments_repository.dart,/payments/methods,,is_default: true,PaymentMethod,404,P1,
18,Thanh toán,BE-036,UC-12,Xóa PT,DELETE,/api/customers/me/payment-methods/:id,Bearer,Chưa có,Trên danh sách PT: xóa một PT → xác nhận → API xóa → mục biến mất khỏi list.,payments_repository.dart,/payments/methods,,,message,404,P2,
19,Đặt chuyến,BE-018,UC-06,Validate tuyến,POST,/api/booking/validate-route,Bearer,Chưa có,"【Mục tiêu API】Sau khi user nhập đủ điểm lấy + điểm giao, trước khi sang bước tiếp theo — tính km và quận/huyện.
【App hiện tại】Nút «Tiếp tục» trên /booking/location CHƯA gọi validate-route; chỉ kiểm tra destination không rỗng rồi push sang packages. Dev nối API: gọi trong onPressed «Tiếp tục», lưu distance vào BookingFlowCubit. Pass đồ: pickup cố định theo area tin; destination do buyer nhập.",booking_mock_repository.dart,/booking/location,,pickup_address; delivery_address; lat/lng?,estimated_distance_km; cities; districts,400,P0,Gọi trước estimate-price và create order.
20,Đặt chuyến,BE-021,UC-08,Gói combo,GET,/api/service-packages,Bearer,Chưa có,Màn «Chọn gói»: app gọi API lấy 3 gói (Tiết kiệm / Tiêu chuẩn / Cao cấp) → người dùng chọn một gói → «Tiếp tục» sang chọn nhà xe (hoặc bảo hiểm tùy luồng app).,booking_mock_repository.dart → fetchPackages(),/booking/packages,active=true,,ServicePackage[],401,P0,Map tier string ↔ ServiceTier enum trong cubit.
21,Đặt chuyến,,UC-10,Gói bảo hiểm,GET,/api/insurance-plans,Bearer,Chưa có,Màn «Bảo hiểm đồ đạc»: app gọi API lấy các gói bảo hiểm (hoặc «Không mua») → chọn → tiếp sang màn thanh toán.,booking_mock_repository.dart,/booking/insurance,,,CargoInsurancePlan[],401,P1,
22,Đặt chuyến,BE-019,UC-05,Browse nhà xe,GET,/api/providers/browse,Bearer,Đã có,"Màn «Chọn nhà xe» (hoặc so sánh từ Trang chủ): app gọi API lấy danh sách nhà xe, giá, sao → người dùng lọc/sắp xếp, chọn một nhà → tiếp bước sau (bảo hiểm hoặc thanh toán).",providers_repository.dart → browse(),/booking/partners; /home,city; limit; min/max_price; min_rating; sort; lat; lng; radius_km,,PartnerOffer[],401,P0,Map JSON profiles nested → PartnerOffer UI model.
23,Đặt chuyến,BE-020,UC-05,Chi tiết nhà xe,GET,/api/providers/:id,Bearer,Chưa có,"Khi cần xem kỹ một nhà xe (tùy UI): app gọi API chi tiết — tên, gói dịch vụ, vài đánh giá gần nhất → người dùng đọc rồi quay lại chọn.",providers_repository.dart,/booking/partners,,,provider; packages[]; recent_reviews[],404,P1,
24,Đặt chuyến,BE-026,UC-11,Báo giá khuân vác,GET,/api/labor/quotes,Bearer,Chưa có,"Luồng «Khuân vác»: sau khi chọn số người/giờ, app gọi API lấy vài báo giá đội khuân vác → người dùng chọn một đội → giá cộng vào tổng thanh toán.",labor_repository.dart,/booking/labor/*,helper_count; labor_hours; floor_fee; for_existing_order,,LaborProviderQuote[],401,P1,for_existing_order=true khi addon từ đơn đang chạy.
25,Đặt chuyến,BE-022,UC-10,Ước tính giá,POST,/api/booking/estimate-price,Bearer,Chưa có,"Màn «Thanh toán / Xác nhận đặt xe»: app gọi API tính chi tiết giá (xe, km, bậc, khuân vác, bảo hiểm, giảm giá, tiền cọc 30%). Hiện bảng chi tiết. Mỗi khi đổi mã KM hoặc gói → gọi lại để cập nhật số tiền.",booking_mock_repository.dart,/booking/payment,,service_type; vehicle_size; distance_km; floors; insurance_plan_id?; promotion_code?; pass_item_id?,base_price..deposit_amount,400,P0,Đồng bộ số với POST /orders body.
26,Khuyến mãi,BE-033,UC-12,Validate mã KM,POST,/api/promotions/validate,Bearer,Chưa có,Cùng màn thanh toán: người dùng gõ mã giảm giá → «Áp dụng» → API kiểm tra mã còn hiệu lực không và giảm bao nhiêu → hiện kết quả; nếu hợp lệ thì tính lại tổng tiền (gọi lại API ước tính giá).,booking_flow_cubit,/booking/payment,,code; order_total,valid; discount_amount; message,400,P1,
27,Khuyến mãi,BE-037,UC-04,Banner KM trang chủ,GET,/api/promotions/active,Bearer,Chưa có,"Trang chủ: app gọi API lấy banner khuyến mãi (tiêu đề, ảnh) → hiện carousel. Người dùng bấm banner → nhảy sang màn đặt chuyến hoặc màn app chỉ định.",home_page (trực tiếp hoặc repo mới),/home,,,promo[],401,P2,
28,Đơn hàng,BE-024,UC-19,Danh sách đơn,GET,/api/orders,Bearer,Đã có,Tab «Hoạt động» hoặc «Lịch sử đơn»: app gọi API lấy danh sách đơn của người dùng (đang chạy / đã xong / lọc trạng thái) → hiện từng thẻ đơn. Chạm một đơn → màn theo dõi chuyến.,customer_orders_repository.dart → fetchOrders(),Tab Hoạt động; /orders/history,status; page; limit; active_only; completed_only,,Order[] + provider,401,P0,Thay mock khi có JWT. conversationId để mở chat.
29,Đơn hàng,BE-024,UC-19,Chi tiết đơn,GET,/api/orders/:id,Bearer,Đã có,"Khi vào chi tiết/theo dõi một đơn: app có thể gọi API lấy thông tin đầy đủ đơn đó (địa chỉ, giá, trạng thái, nhà xe).",customer_orders_repository.dart,/orders/:id/tracking,,,Order,404,P0,
30,Đơn hàng,BE-023,UC-11,Tạo đơn chuyển xe,POST,/api/orders,Bearer,Đã có,Màn thanh toán: người dùng bấm «Đặt cọc» / «Xác nhận». Trước hết API tạo đơn hàng (trạng thái chờ nhà xe). Có mã đơn rồi → bước tiếp: API đặt cọc (dòng 38). Thành công cả chuỗi → sang màn theo dõi chuyến. Đơn từ Pass đồ: gửi kèm mã tin pass để hệ thống liên kết.,customer_orders_repository.dart → createOrder(),/booking/payment,,pickup_*; delivery_*; prices; provider_id; pass_item_id?; promotion_code?; labor_provider_id?,Order pending,422,P0,customer_orders_repository đã có skeleton — bổ sung field thiếu.
31,Đơn hàng,BE-027,UC-11,Tạo đơn khuân vác,POST,/api/orders/labor,Bearer,Chưa có,Luồng chỉ đặt khuân vác (hoặc thêm khuân vác vào đơn đang có): tương tự tạo đơn nhưng loại «khuân vác» — sau đó thanh toán và theo dõi.,labor_repository.dart,/booking/labor/*; payment,,mode; linked_order_id?; labor_provider_id; helper_count; hours; addresses,Order,401,P1,
32,Đơn hàng,BE-025,UC-13,Hủy đơn,PATCH,/api/orders/:id/cancel,Bearer,Chưa có,"Khi đơn còn cho phép hủy: người dùng bấm «Hủy đơn» → nhập lý do → API hủy → thẻ đơn chuyển «Đã hủy», có thể hoàn tiền theo chính sách (backend xử lý).",customer_orders_repository.dart,activity; tracking,,reason,Order cancelled,400,P1,
33,Đơn hàng,BE-031,UC-13,Xác nhận hoàn thành,POST,/api/orders/:id/confirm-complete,Bearer,Chưa có,"Màn theo dõi: sau khi tài xế báo hoàn thành, người dùng bấm «Xác nhận đã nhận hàng / hoàn thành» → API xác nhận → đơn chuyển hoàn tất → gợi ý sang màn đánh giá.",order_tracking_page,/orders/:id/tracking,,,Order completed,400,P1,
34,Theo dõi,BE-050,UC-13,Tracking tổng hợp,GET,/api/orders/:id/tracking,Bearer,Chưa có,"Màn «Theo dõi chuyến»: app gọi API một lần lấy đủ: trạng thái đơn, thông tin tài xế, vị trí trên bản đồ (nếu có), timeline các bước (đang lấy hàng, đang giao…), nút chat với nhà xe. Kéo refresh → gọi lại.",customer_orders_repository.dart → fetchTracking(),/orders/:id/tracking,,,order; provider; location; events; conversation_id; eta,404,P0,Thay mock_orders_data.trackingFor.
35,Theo dõi,BE-053,UC-13,ETA,GET,/api/orders/:id/eta,Bearer,Chưa có,Cùng màn theo dõi (tùy chọn): app gọi nhẹ API chỉ lấy «còn khoảng X phút» để cập nhật dòng ETA mà không tải cả trang.,order_tracking_page,/orders/:id/tracking,,,eta_minutes,404,P2,
36,Theo dõi,BE-052,UC-59,Realtime,REALTIME,supabase:order:{orderId},Bearer,Chưa có,"Cùng màn theo dõi: ngoài API, app lắng nghe realtime (Supabase) — khi tài xế đổi trạng thái hoặc di chuyển thì bản đồ và timeline tự cập nhật, không cần người dùng tải lại.",order_tracking_page + supabase client,/orders/:id/tracking,,subscribe,status; lat/lng,—,P1,Document channel name cho Flutter team.
37,Đánh giá,BE-059,UC-17,Gửi đánh giá,POST,/api/orders/:id/review,Bearer,Chưa có,"Sau chuyến xong: màn «Đánh giá» → chọn sao, tag (Đúng giờ, Nhiệt tình…), ghi chú → «Gửi». API lưu đánh giá. Thành công → cảm ơn / màn giới thiệu bạn bè → về lịch sử đơn (đơn đó không hỏi đánh giá nữa).",review_trip_page,/orders/:id/review,,rating; comment?; tags[],review,400,P1,
38,Thanh toán,BE-028,UC-12,Đặt cọc,POST,/api/payments/deposit,Bearer,Đã có,Ngay sau khi tạo đơn (bước 30): app gọi API tạo thanh toán cọc (~30% tổng tiền) → nhận link PayOS hoặc QR → mở cổng thanh toán cho người dùng trả. Trả xong (server nhận webhook) → vào theo dõi chuyến.,customer_orders_repository / payments_repository,/booking/payment,,order_id; amount; payment_method,payment_url; qr; expires_at,400,P0,Đã gọi trong customer_orders_repository — hoàn thiện UI mở PayOS.
39,Thanh toán,BE-029,UC-61,Webhook PayOS,POST,/api/webhooks/payos,Server,Đã có,PayOS gọi thẳng vào server khi người dùng trả tiền xong — app khách hàng không gọi API này. Người dùng chỉ thấy trạng đơn đổi sau khi quay lại app hoặc nhận thông báo.,—,—,,PayOS payload,200,—,P0,Flutter: optional polling GET order sau khi user quay lại từ PayOS.
40,Thanh toán,BE-035,UC-12,Lịch sử GD,GET,/api/payments,Bearer,Chưa có,"Tab «Thanh toán»: phần lịch sử — app gọi API danh sách giao dịch (đặt cọc, hoàn tiền…) kèm mã đơn → hiện list. Chạm một dòng → chi tiết giao dịch.",payments_repository.dart,Tab Thanh toán,page; limit,,CustomerPayment[],401,P1,
41,Thanh toán,BE-035,UC-12,Chi tiết GD,GET,/api/payments/:id,Bearer,Chưa có,"Từ lịch sử thanh toán: chạm một giao dịch → app gọi API chi tiết (số tiền, trạng thái, liên kết đơn nào).",payments_repository.dart,/payments/:paymentId,,,PaymentDetail,404,P1,
42,Thanh toán,BE-032,UC-44,Hoàn tiền,POST,/api/payments/refund,Bearer,Chưa có,Thường do hệ thống tự gọi khi hủy đơn — hoàn % tiền cọc. App có thể chỉ hiển thị «Đã hoàn tiền» sau hủy đơn.,—,—,,order_id; reason; percent?,refund,400,P2,
43,Chat đơn,BE-055,UC-15,Inbox chat đơn,GET,/api/conversations,Bearer,Chưa có,"【Khác tab «Tin nhắn» dưới cùng — tab đó là khuyến mãi/thông báo】
Chat với nhà xe: từ thẻ đơn đang chạy trên Trang chủ, hoặc Tab Hoạt động, hoặc màn Theo dõi chuyến → nút «Chat» / «Nhắn tin» → /chat/:conversationId (chat_thread_page). API inbox dùng khi có danh sách hội thoại riêng (hiện app có thể mở thẳng từ conversationId trên đơn).",chat_repository.dart,/chat; /home,,,Conversation[],401,P1,Tạo sau provider accept đơn (BE-054).
44,Chat đơn,BE-055,UC-15,Tin nhắn đơn,GET,/api/conversations/:id/messages,Bearer,Chưa có,Trong chat với nhà xe: mở một hội thoại → app gọi API lấy lịch sử tin nhắn (phân trang nếu nhiều).,chat_repository.dart,/chat/:conversationId,page; limit,,Message[],403,P1,
45,Chat đơn,BE-055,UC-15,Gửi tin đơn,POST,/api/conversations/:id/messages,Bearer,Chưa có,Trong chat với nhà xe: người dùng gõ tin → «Gửi» → API lưu tin → bubble hiện trong khung chat.,chat_repository.dart,/chat/:conversationId,,content; message_type=text,Message,403,P1,
46,Thông báo,BE-056,UC-16,DS thông báo,GET,/api/notifications,Bearer,Chưa có,Tab thứ 4 thanh menu (icon Tin nhắn) = messages_tab_page — chỉ thông báo ưu đãi / voucher / hệ thống (comment trong code: Grab-style). KHÔNG phải chat với tài xế. App gọi mock/API notifications → list card → chạm → /notifications/:id hoặc deep link.,notifications_repository.dart,Tab Tin nhắn,type; page; limit,,Notification[],401,P1,
47,Thông báo,BE-056,UC-16,Badge chưa đọc,GET,/api/notifications/unread-count,Bearer,Chưa có,Khi vào app / sau khi đọc thông báo: app gọi API đếm số chưa đọc → hiện badge số trên tab «Tin nhắn».,notifications_repository.dart,home_shell,,,count,401,P1,
48,Thông báo,BE-057,UC-16,Chi tiết TB,GET,/api/notifications/:id,Bearer,Chưa có,Chạm một thông báo → app gọi API chi tiết (và thường đánh dấu đã đọc) → màn nội dung đầy đủ + nút hành động (Đặt ngay…).,notifications_repository.dart,notification_detail,,,Notification,404,P2,
49,Thông báo,BE-056,UC-16,Mark read,PATCH,/api/notifications/:id/read,Bearer,Chưa có,Đánh dấu đã đọc một thông báo (vuốt hoặc khi mở) → API cập nhật → badge giảm.,notifications_repository.dart,messages_tab,,{},Notification,404,P2,
50,Thông báo,BE-058,UC-58,FCM token,POST,/api/notifications/push-token,Bearer,Chưa có,"Sau khi đăng nhập, app gửi token máy (FCM) lên server để sau này nhận push «Đơn được nhận», «Có tin nhắn»… Người dùng không thấy bước riêng.",firebase messaging wrapper,—,,token; platform,message,401,P2,
51,Pass đồ,PASS-01,UC-Pass,Khám phá tin,GET,/api/pass-items,Bearer (tùy),Chưa có — Mới,Tab Pass đồ → «Khám phá»: app gọi API lấy tin người khác đăng (lọc từ khóa/danh mục) → lưới thẻ tin. Chạm tin → màn chi tiết.,pass_item_repository.dart → fetchBrowse(),/pass-items,keyword; category; page; limit,,PassItemPost[],401,P1,Thay mock _posts filter.
52,Pass đồ,PASS-01,UC-Pass,Tin của tôi,GET,/api/pass-items/mine,Bearer,Chưa có — Mới,"Tab Pass đồ → «Tin của tôi»: app gọi API chỉ tin do mình đăng → quản lý, sửa trạng thái, thấy có bao nhiêu người quan tâm.",pass_item_repository.dart → fetchMine(),/pass-items,page; limit,,PassItemPost[],401,P1,
53,Pass đồ,PASS-01,UC-Pass,Chi tiết tin,GET,/api/pass-items/:id,Bearer,Chưa có — Mới,"Màn chi tiết một tin Pass đồ:
• Người mua: xem giá, mô tả → «Tôi muốn nhận» → chat; nếu đã chốt giá thì thấy «Đặt xe lấy đồ», chưa chốt thì chờ.
• Người bán: thấy «Người quan tâm», vào chat từng khách, «Chốt đơn» / «Huỷ chốt» (nếu khách chưa đặt xe).",pass_item_repository.dart → getById(),/pass-items/:id,,,PassItemPost,404,P0,"Map deal_confirmed, buyer_transport_booked từ API."
54,Pass đồ,PASS-02,UC-Pass,Đăng tin,POST,/api/pass-items,Bearer,Chưa có — Mới,"«Đăng tin mới»: điền tên món, mô tả, loại, tình trạng, khu vực, giá (0 = cho tặng), ảnh → «Đăng». API tạo tin + báo phí đăng tin (nếu có) → có thể mở PayOS trả phí → xong thì tin hiện ở «Tin của tôi» / Khám phá.",pass_item_repository.dart → create(),/pass-items/new,,title; description; category; condition; area; price; image_url?; is_negotiable?,item; listing_fee,422,P0,Upload ảnh trước qua POST /uploads.
55,Pass đồ,PASS-03,UC-Pass,Trả phí đăng tin,POST,/api/pass-items/:id/listing-fee/pay,Bearer,Chưa có — Mới,Ngay sau đăng tin nếu cần trả phí đăng: app gọi API thanh toán phí → mở PayOS giống đặt cọc → trả xong tin mới hiện công khai.,pass_item_repository.dart,/pass-items/new,,payment_method: payos,payos URL/QR,400,P1,
56,Pass đồ,PASS-04,UC-Pass,Đổi trạng thái tin,PATCH,/api/pass-items/:id/status,Bearer Seller,Chưa có — Mới,Người bán trên tin của mình: đổi trạng thái (đang mở / đã giữ / ẩn tin…) → API cập nhật → chip trạng thái đổi trên UI.,pass_item_repository.dart,/pass-items/:id,,status,PassItemPost,403,P1,
57,Pass đồ,PASS-05,UC-Pass,Quan tâm tin,POST,/api/pass-items/:id/interest,Bearer Buyer,Chưa có — Mới,Người mua trên tin người khác: bấm «Tôi muốn nhận» → API ghi nhận quan tâm → người bán thấy tên trong «Người quan tâm» → thường mở luôn màn chat với người bán.,pass_item_repository.dart → expressInterest(),/pass-items/:id,,note?,interested; interested_count,400 seller; 409,P0,Seed message đầu thread phía BE hoặc app.
58,Pass đồ,PASS-06,UC-Pass,DS khách quan tâm,GET,/api/pass-items/:id/interested-buyers,Bearer Seller,Chưa có — Mới,"Người bán: trên chi tiết tin hoặc inbox chat (không chọn khách cụ thể) → API lấy danh sách khách đã quan tâm, tin nhắn cuối, số chưa đọc → chạm một khách → chat riêng với khách đó (?buyer= id).",pass_item_repository.dart → interestedBuyers(),/pass-items/:id; /pass-items/:id/chat,,,PassInterestedBuyer[],403,P0,pass_interested_buyer_tile.dart đã có UI.
59,Pass đồ,PASS-07,UC-Pass,Đọc chat Pass,GET,/api/pass-items/:id/chat/:buyerId/messages,Bearer,Chưa có — Mới,Màn chat Pass đồ (một khách cụ thể): app gọi API lấy toàn bộ tin (người mua / người bán / hệ thống «Đã chốt đơn»). Người bán mở thread → đánh dấu đã đọc (hết badge).,pass_item_repository.dart → fetchMessages(),/pass-items/:id/chat?buyer=,mark_read=true,,PassChatMessage[],403,P0,Route app_router đã có query buyer.
60,Pass đồ,PASS-07,UC-Pass,Gửi chat Pass,POST,/api/pass-items/:id/chat/:buyerId/messages,Bearer,Chưa có — Mới,Cùng màn chat: gõ tin hoặc «Đề nghị giá» → Gửi → API lưu → hiện bubble. Chốt đơn không gửi bằng tin thường mà dùng API chốt (dòng 61).,pass_item_repository.dart → sendMessage(),/pass-items/:id/chat,,text; is_offer?; offer_amount?,PassChatMessage,403,P0,
61,Pass đồ,PASS-08,UC-Pass,Chốt đơn,POST,/api/pass-items/:id/deal/confirm,Bearer Seller,Chưa có — Mới,Người bán trong chat: menu «Chốt đơn» → có thể nhập giá thỏa thuận (hoặc dùng giá đăng) → API chốt. Khách thấy tin hệ thống «Đã chốt đơn… có thể đặt xe» và trên chi tiết tin hiện nút «Đặt xe lấy đồ».,pass_item_repository.dart → confirmDeal(),chat: Chốt đơn,,agreed_price?,deal_confirmed; confirmed_price; status,400; 403,P0,Lỗi nếu buyer_transport_booked.
62,Pass đồ,PASS-09,UC-Pass,Hủy chốt,POST,/api/pass-items/:id/deal/cancel,Bearer Seller,Chưa có — Mới,"Người bán đổi ý trước khi khách đặt xe: «Huỷ chốt đơn» → API mở lại thương lượng → khách mất nút đặt xe đến khi chốt lại. Nếu khách đã đặt xe rồi: app không cho huỷ chốt, báo «Khách đã đặt xe».",pass_item_repository.dart → cancelDealConfirmation(),detail; chat,,,deal mở lại,403,P0,sellerCanCancelDeal = dealConfirmed && !buyerTransportBooked.
63,Pass đồ,PASS-10,UC-Pass,Đã đặt xe,POST,/api/pass-items/:id/transport-booked,Bearer Buyer,Chưa có — Mới,"Người mua: sau chốt đơn, bấm «Đặt xe lấy đồ» trên chi tiết tin → BookingFlowCubit.startPassItemDelivery → /booking/location (tiêu đề «Chở đồ về nhà»). Nhập địa chỉ nhận → «Tiếp tục» → app gọi markTransportBooked (mock) RỒI push /booking/packages → partners → insurance → payment. Khóa huỷ chốt cho seller sau bước này.",pass_item_repository.dart → markTransportBooked(),/booking/location,,order_id?,buyer_transport_booked: true,403,P0,choose_location_page đã gọi mock — đổi sang API.
64,Pass đồ,PASS-11,UC-Pass,Báo giá VC (optional),GET,/api/pass-items/:id/transport-quotes,Bearer,Chưa có — Mới,"Tùy chọn trên tin Pass: app gọi vài báo giá vận chuyển nhanh — có thể bỏ, dùng luồng chọn nhà xe bình thường.",pass_item_repository.dart,/pass-items/:id,,,TransportQuote[],404,P2,
65,Upload,BE-060,UC-62,Upload file,POST,/api/uploads,Bearer,Chưa có,Trước khi đăng tin Pass hoặc đổi avatar: chọn ảnh trên máy → API upload → nhận link ảnh → gắn vào form đăng tin / hồ sơ.,upload helper,create_pass_item; edit_profile,,multipart file; bucket,url; path,413,P1,
66,Giới thiệu,BE-060,UC-62,Mã giới thiệu,GET,/api/referrals/me,Bearer,Chưa có,Sau khi gửi đánh giá chuyến đi xong: app có thể gọi API lấy mã giới thiệu bạn bè + số thưởng → hiện popup chia sẻ.,review flow,sau /orders/:id/review,,,referral_code; reward_amount; share_message,401,P2,
